Name,Date & Time,Location,Type,Region,Latitude,Longitude,weather,temperature,wind_speed,wind_direction
Not found,Not found,Not found,Not found,Not found,,,Partly Cloudy,53,2 mph,WNW
Not found,Not found,Not found,Not found,Not found,,,Partly Cloudy,53,2 mph,WNW
Not found,Not found,Not found,Not found,Not found,,,Partly Cloudy,53,2 mph,WNW
Not found,Not found,Not found,Not found,Not found,,,Partly Cloudy,53,2 mph,WNW
Not found,Not found,Not found,Not found,Not found,,,Partly Cloudy,53,2 mph,WNW
Not found,Not found,Not found,Not found,Not found,,,Partly Cloudy,53,2 mph,WNW
Not found,Not found,Not found,Not found,Not found,,,Partly Cloudy,53,2 mph,WNW
Not found,Not found,Not found,Not found,Not found,,,Partly Cloudy,53,2 mph,WNW
Not found,Not found,Not found,Not found,Not found,,,Partly Cloudy,53,2 mph,WNW
Not found,Not found,Not found,Not found,Not found,,,Partly Cloudy,53,2 mph,WNW
Not found,Not found,Not found,Not found,Not found,,,Partly Cloudy,53,2 mph,WNW
Not found,Not found,Not found,Not found,Not found,,,Partly Cloudy,53,2 mph,WNW
Not found,Not found,Not found,Not found,Not found,,,Partly Cloudy,53,2 mph,WNW
Not found,Not found,Not found,Not found,Not found,,,Partly Cloudy,53,2 mph,WNW
Not found,Not found,Not found,Not found,Not found,,,Partly Cloudy,53,2 mph,WNW
Not found,Not found,Not found,Not found,Not found,,,Partly Cloudy,53,2 mph,WNW
Not found,Not found,Not found,Not found,Not found,,,Partly Cloudy,53,2 mph,WNW
Not found,Not found,Not found,Not found,Not found,,,Partly Cloudy,53,2 mph,WNW
Not found,Not found,Not found,Not found,Not found,,,Partly Cloudy,53,2 mph,WNW
Not found,Not found,Not found,Not found,Not found,,,Partly Cloudy,53,2 mph,WNW
Not found,Not found,Not found,Not found,Not found,,,Partly Cloudy,53,2 mph,WNW
Not found,Not found,Not found,Not found,Not found,,,Partly Cloudy,53,2 mph,WNW
Not found,Not found,Not found,Not found,Not found,,,Partly Cloudy,53,2 mph,WNW
Not found,Not found,Not found,Not found,Not found,,,Partly Cloudy,53,2 mph,WNW
Not found,Not found,Not found,Not found,Not found,,,Partly Cloudy,53,2 mph,WNW
Not found,Not found,Not found,Not found,Not found,,,Partly Cloudy,53,2 mph,WNW
Not found,Not found,Not found,Not found,Not found,,,Partly Cloudy,53,2 mph,WNW
Not found,Not found,Not found,Not found,Not found,,,Partly Cloudy,53,2 mph,WNW
Not found,Not found,Not found,Not found,Not found,,,Partly Cloudy,53,2 mph,WNW
Not found,Not found,Not found,Not found,Not found,,,Partly Cloudy,53,2 mph,WNW
Not found,Not found,Not found,Not found,Not found,,,Partly Cloudy,53,2 mph,WNW
Not found,Not found,Not found,Not found,Not found,,,Partly Cloudy,53,2 mph,WNW
Not found,Not found,Not found,Not found,Not found,,,Partly Cloudy,53,2 mph,WNW
Not found,Not found,Not found,Not found,Not found,,,Partly Cloudy,53,2 mph,WNW
Not found,Not found,Not found,Not found,Not found,,,Partly Cloudy,53,2 mph,WNW
Not found,Not found,Not found,Not found,Not found,,,Partly Cloudy,53,2 mph,WNW
Not found,Not found,Not found,Not found,Not found,,,Partly Cloudy,53,2 mph,WNW
Not found,Not found,Not found,Not found,Not found,,,Partly Cloudy,53,2 mph,WNW
Not found,Not found,Not found,Not found,Not found,,,Partly Cloudy,53,2 mph,WNW
Not found,Not found,Not found,Not found,Not found,,,Partly Cloudy,53,2 mph,WNW
Not found,Not found,Not found,Not found,Not found,,,Partly Cloudy,53,2 mph,WNW
Not found,Not found,Not found,Not found,Not found,,,Partly Cloudy,53,2 mph,WNW
Not found,Not found,Not found,Not found,Not found,,,Partly Cloudy,53,2 mph,WNW
Not found,Not found,Not found,Not found,Not found,,,Partly Cloudy,53,2 mph,WNW
Not found,Not found,Not found,Not found,Not found,,,Partly Cloudy,53,2 mph,WNW
Not found,Not found,Not found,Not found,Not found,,,Partly Cloudy,53,2 mph,WNW
Not found,Not found,Not found,Not found,Not found,,,Partly Cloudy,53,2 mph,WNW
Not found,Not found,Not found,Not found,Not found,,,Partly Cloudy,53,2 mph,WNW
Not found,Not found,Not found,Not found,Not found,,,Partly Cloudy,53,2 mph,WNW
Not found,Not found,Not found,Not found,Not found,,,Partly Cloudy,53,2 mph,WNW
Not found,Not found,Not found,Not found,Not found,,,Partly Cloudy,53,2 mph,WNW
Not found,Not found,Not found,Not found,Not found,,,Partly Cloudy,53,2 mph,WNW
Not found,Not found,Not found,Not found,Not found,,,Partly Cloudy,53,2 mph,WNW
Not found,Not found,Not found,Not found,Not found,,,Partly Cloudy,53,2 mph,WNW
Not found,Not found,Not found,Not found,Not found,,,Partly Cloudy,53,2 mph,WNW
Not found,Not found,Not found,Not found,Not found,,,Partly Cloudy,53,2 mph,WNW
Not found,Not found,Not found,Not found,Not found,,,Partly Cloudy,53,2 mph,WNW
Not found,Not found,Not found,Not found,Not found,,,Partly Cloudy,53,2 mph,WNW
Not found,Not found,Not found,Not found,Not found,,,Partly Cloudy,53,2 mph,WNW
Not found,Not found,Not found,Not found,Not found,,,Partly Cloudy,53,2 mph,WNW
Not found,Not found,Not found,Not found,Not found,,,Partly Cloudy,53,2 mph,WNW
Not found,Not found,Not found,Not found,Not found,,,Partly Cloudy,53,2 mph,WNW
Not found,Not found,Not found,Not found,Not found,,,Partly Cloudy,53,2 mph,WNW
Not found,Not found,Not found,Not found,Not found,,,Partly Cloudy,53,2 mph,WNW
Not found,Not found,Not found,Not found,Not found,,,Partly Cloudy,53,2 mph,WNW
Not found,Not found,Not found,Not found,Not found,,,Partly Cloudy,53,2 mph,WNW
Not found,Not found,Not found,Not found,Not found,,,Partly Cloudy,53,2 mph,WNW
Not found,Not found,Not found,Not found,Not found,,,Partly Cloudy,53,2 mph,WNW
Not found,Not found,Not found,Not found,Not found,,,Partly Cloudy,53,2 mph,WNW
Not found,Not found,Not found,Not found,Not found,,,Partly Cloudy,53,2 mph,WNW
Not found,Not found,Not found,Not found,Not found,,,Partly Cloudy,53,2 mph,WNW
Not found,Not found,Not found,Not found,Not found,,,Partly Cloudy,53,2 mph,WNW
Not found,Not found,Not found,Not found,Not found,,,Partly Cloudy,53,2 mph,WNW
Not found,Not found,Not found,Not found,Not found,,,Partly Cloudy,53,2 mph,WNW
Not found,Not found,Not found,Not found,Not found,,,Partly Cloudy,53,2 mph,WNW
Not found,Not found,Not found,Not found,Not found,,,Partly Cloudy,53,2 mph,WNW
Not found,Not found,Not found,Not found,Not found,,,Partly Cloudy,53,2 mph,WNW
Not found,Not found,Not found,Not found,Not found,,,Partly Cloudy,53,2 mph,WNW
Not found,Not found,Not found,Not found,Not found,,,Partly Cloudy,53,2 mph,WNW
Not found,Not found,Not found,Not found,Not found,,,Partly Cloudy,53,2 mph,WNW
Not found,Not found,Not found,Not found,Not found,,,Partly Cloudy,53,2 mph,WNW
Not found,Not found,Not found,Not found,Not found,,,Partly Cloudy,53,2 mph,WNW
Not found,Not found,Not found,Not found,Not found,,,Partly Cloudy,53,2 mph,WNW
Not found,Not found,Not found,Not found,Not found,,,Partly Cloudy,53,2 mph,WNW
Not found,Not found,Not found,Not found,Not found,,,Partly Cloudy,53,2 mph,WNW
Not found,Not found,Not found,Not found,Not found,,,Partly Cloudy,53,2 mph,WNW
Not found,Not found,Not found,Not found,Not found,,,Partly Cloudy,53,2 mph,WNW
Not found,Not found,Not found,Not found,Not found,,,Partly Cloudy,53,2 mph,WNW
Not found,Not found,Not found,Not found,Not found,,,Partly Cloudy,53,2 mph,WNW
Not found,Not found,Not found,Not found,Not found,,,Partly Cloudy,53,2 mph,WNW
Not found,Not found,Not found,Not found,Not found,,,Partly Cloudy,53,2 mph,WNW
Not found,Not found,Not found,Not found,Not found,,,Partly Cloudy,53,2 mph,WNW
Not found,Not found,Not found,Not found,Not found,,,Partly Cloudy,53,2 mph,WNW
Not found,Not found,Not found,Not found,Not found,,,Partly Cloudy,53,2 mph,WNW
Not found,Not found,Not found,Not found,Not found,,,Partly Cloudy,53,2 mph,WNW
Not found,Not found,Not found,Not found,Not found,,,Partly Cloudy,53,2 mph,WNW
Not found,Not found,Not found,Not found,Not found,,,Partly Cloudy,53,2 mph,WNW
Not found,Not found,Not found,Not found,Not found,,,Partly Cloudy,53,2 mph,WNW
Not found,Not found,Not found,Not found,Not found,,,Partly Cloudy,53,2 mph,WNW
Not found,Not found,Not found,Not found,Not found,,,Partly Cloudy,53,2 mph,WNW
Not found,Not found,Not found,Not found,Not found,,,Partly Cloudy,53,2 mph,WNW
Not found,Not found,Not found,Not found,Not found,,,Partly Cloudy,53,2 mph,WNW
Not found,Not found,Not found,Not found,Not found,,,Partly Cloudy,53,2 mph,WNW
Not found,Not found,Not found,Not found,Not found,,,Partly Cloudy,53,2 mph,WNW
Not found,Not found,Not found,Not found,Not found,,,Partly Cloudy,53,2 mph,WNW
Not found,Not found,Not found,Not found,Not found,,,Partly Cloudy,53,2 mph,WNW
Not found,Not found,Not found,Not found,Not found,,,Partly Cloudy,53,2 mph,WNW
Not found,Not found,Not found,Not found,Not found,,,Partly Cloudy,53,2 mph,WNW
Not found,Not found,Not found,Not found,Not found,,,Partly Cloudy,53,2 mph,WNW
Not found,Not found,Not found,Not found,Not found,,,Partly Cloudy,53,2 mph,WNW
Not found,Not found,Not found,Not found,Not found,,,Partly Cloudy,53,2 mph,WNW
Not found,Not found,Not found,Not found,Not found,,,Partly Cloudy,53,2 mph,WNW
Not found,Not found,Not found,Not found,Not found,,,Partly Cloudy,53,2 mph,WNW
Not found,Not found,Not found,Not found,Not found,,,Partly Cloudy,53,2 mph,WNW
Not found,Not found,Not found,Not found,Not found,,,Partly Cloudy,53,2 mph,WNW
Not found,Not found,Not found,Not found,Not found,,,Partly Cloudy,53,2 mph,WNW
Not found,Not found,Not found,Not found,Not found,,,Partly Cloudy,53,2 mph,WNW
Not found,Not found,Not found,Not found,Not found,,,Partly Cloudy,53,2 mph,WNW
Not found,Not found,Not found,Not found,Not found,,,Partly Cloudy,53,2 mph,WNW
Not found,Not found,Not found,Not found,Not found,,,Partly Cloudy,53,2 mph,WNW
Not found,Not found,Not found,Not found,Not found,,,Partly Cloudy,53,2 mph,WNW
Not found,Not found,Not found,Not found,Not found,,,Partly Cloudy,53,2 mph,WNW
Not found,Not found,Not found,Not found,Not found,,,Partly Cloudy,53,2 mph,WNW
Not found,Not found,Not found,Not found,Not found,,,Partly Cloudy,53,2 mph,WNW
Not found,Not found,Not found,Not found,Not found,,,Partly Cloudy,53,2 mph,WNW
Not found,Not found,Not found,Not found,Not found,,,Partly Cloudy,53,2 mph,WNW
Not found,Not found,Not found,Not found,Not found,,,Partly Cloudy,53,2 mph,WNW
Not found,Not found,Not found,Not found,Not found,,,Partly Cloudy,53,2 mph,WNW
Not found,Not found,Not found,Not found,Not found,,,Partly Cloudy,53,2 mph,WNW
Not found,Not found,Not found,Not found,Not found,,,Partly Cloudy,53,2 mph,WNW
Not found,Not found,Not found,Not found,Not found,,,Partly Cloudy,53,2 mph,WNW
Not found,Not found,Not found,Not found,Not found,,,Partly Cloudy,53,2 mph,WNW
Not found,Not found,Not found,Not found,Not found,,,Partly Cloudy,53,2 mph,WNW
Not found,Not found,Not found,Not found,Not found,,,Partly Cloudy,53,2 mph,WNW
Not found,Not found,Not found,Not found,Not found,,,Partly Cloudy,53,2 mph,WNW
